id,nom,latitude,longitude
MEDECINS_0,Medecins 0,48.86636700610114,2.397691270320657
MEDECINS_1,Medecins 1,48.8402483684106,2.3089880666024825
MEDECINS_2,Medecins 2,48.85792102671412,2.3635793212201897
MEDECINS_3,Medecins 3,48.85039611192101,2.400513180347706
MEDECINS_4,Medecins 4,48.868153083076635,2.429248781728344
MEDECINS_5,Medecins 5,48.88739069140456,2.2883266278677032
MEDECINS_6,Medecins 6,48.8295995810341,2.320302679677679
MEDECINS_7,Medecins 7,48.88252286613637,2.282091842566672
MEDECINS_8,Medecins 8,48.82053224749744,2.2986965854619945
MEDECINS_9,Medecins 9,48.86974512449872,2.4141760306982145
MEDECINS_10,Medecins 10,48.8516404773449,2.390826421574105
MEDECINS_11,Medecins 11,48.84597648098489,2.3858038418050245
MEDECINS_12,Medecins 12,48.831158961560746,2.3556928495641585
MEDECINS_13,Medecins 13,48.81793103516752,2.350867005231729
MEDECINS_14,Medecins 14,48.824843920168426,2.4055798271581903
MEDECINS_15,Medecins 15,48.87602270034385,2.2916331303804314
MEDECINS_16,Medecins 16,48.832007726695146,2.4262224785958133
MEDECINS_17,Medecins 17,48.8761653630734,2.305886309591679
MEDECINS_18,Medecins 18,48.818311055894384,2.365913761918144
MEDECINS_19,Medecins 19,48.86103344698644,2.415798738803115
MEDECINS_20,Medecins 20,48.87692244953882,2.2812076931984633
MEDECINS_21,Medecins 21,48.83227808595865,2.36246835733746
MEDECINS_22,Medecins 22,48.82321033065366,2.3845742541734882
MEDECINS_23,Medecins 23,48.82859815438393,2.3527126057836396
MEDECINS_24,Medecins 24,48.86079492092357,2.3977099200324634
MEDECINS_25,Medecins 25,48.88054454746004,2.3226674803581995
MEDECINS_26,Medecins 26,48.83980364485463,2.3848439593196646
MEDECINS_27,Medecins 27,48.8821694430762,2.3032598332306087
MEDECINS_28,Medecins 28,48.89331808757687,2.30660667377132
MEDECINS_29,Medecins 29,48.871445306037316,2.360096328511995
MEDECINS_30,Medecins 30,48.84633109751258,2.3128908182431283
MEDECINS_31,Medecins 31,48.82736329593117,2.384069851879255
MEDECINS_32,Medecins 32,48.856209516232575,2.4039870016710356
MEDECINS_33,Medecins 33,48.888987368477316,2.391117145497975
MEDECINS_34,Medecins 34,48.86636959724954,2.3562149812377413
MEDECINS_35,Medecins 35,48.81701679467398,2.34812281015249
MEDECINS_36,Medecins 36,48.86595337136045,2.3041357644185574
MEDECINS_37,Medecins 37,48.87720622767148,2.305385426828109
MEDECINS_38,Medecins 38,48.890301984317986,2.2916697729493576
MEDECINS_39,Medecins 39,48.8680650300516,2.33334464587917
MEDECINS_40,Medecins 40,48.818554393762085,2.303227136087866
MEDECINS_41,Medecins 41,48.825744660445594,2.352851232284981
MEDECINS_42,Medecins 42,48.8701396873084,2.392033041863731
MEDECINS_43,Medecins 43,48.8783059898379,2.3822004672912547
MEDECINS_44,Medecins 44,48.81786724100619,2.324232689317834
MEDECINS_45,Medecins 45,48.81855620656656,2.357835360170128
MEDECINS_46,Medecins 46,48.848903836126446,2.3801925123137715
MEDECINS_47,Medecins 47,48.881209385307365,2.353502323438543
MEDECINS_48,Medecins 48,48.846812708989695,2.29504328164284
MEDECINS_49,Medecins 49,48.86071520399217,2.3229029019253513
MEDECINS_50,Medecins 50,48.831838020435065,2.3063848650469625
MEDECINS_51,Medecins 51,48.88751688180177,2.4065733913274356
MEDECINS_52,Medecins 52,48.8703148197919,2.2737793245159406
MEDECINS_53,Medecins 53,48.86227976369787,2.2796013337306196
MEDECINS_54,Medecins 54,48.82612873286043,2.361789579160724
MEDECINS_55,Medecins 55,48.855169289227895,2.2904911832454755
MEDECINS_56,Medecins 56,48.830729204210876,2.380048838035797
MEDECINS_57,Medecins 57,48.839675654025264,2.393279053230124
MEDECINS_58,Medecins 58,48.87503647915233,2.3671605778219904
MEDECINS_59,Medecins 59,48.83761629012498,2.3505628750989347
MEDECINS_60,Medecins 60,48.81874559344298,2.371660435618823
MEDECINS_61,Medecins 61,48.84662754692603,2.417311672432286
MEDECINS_62,Medecins 62,48.84809146511414,2.3465602064235354
MEDECINS_63,Medecins 63,48.83945512537068,2.3973419528772073
MEDECINS_64,Medecins 64,48.836671060786436,2.3654945850812554
MEDECINS_65,Medecins 65,48.83559244019747,2.401744520241781
MEDECINS_66,Medecins 66,48.82371358006703,2.3123661890481646
MEDECINS_67,Medecins 67,48.86385894261719,2.4141554899872135
MEDECINS_68,Medecins 68,48.87781496166684,2.3096808786133978
MEDECINS_69,Medecins 69,48.82177224106188,2.390547615788628
MEDECINS_70,Medecins 70,48.878363740882115,2.2906300659478447
MEDECINS_71,Medecins 71,48.83158004916449,2.3127096845162463
MEDECINS_72,Medecins 72,48.82443081626677,2.3658827015645807
MEDECINS_73,Medecins 73,48.83834109854815,2.3482618294357036
MEDECINS_74,Medecins 74,48.84400655152569,2.364548249671469
MEDECINS_75,Medecins 75,48.85584154017902,2.3514830459745846
MEDECINS_76,Medecins 76,48.88275531450422,2.3346628013106607
MEDECINS_77,Medecins 77,48.82812841449616,2.3488293030021636
MEDECINS_78,Medecins 78,48.87102473155935,2.2809852124268786
MEDECINS_79,Medecins 79,48.8227509999759,2.3507349329165224
MEDECINS_80,Medecins 80,48.8817244787965,2.3217348588772304
MEDECINS_81,Medecins 81,48.85157087544972,2.2856494265057146
MEDECINS_82,Medecins 82,48.87252366122464,2.284350130907107
MEDECINS_83,Medecins 83,48.87837652272888,2.370135406525601
MEDECINS_84,Medecins 84,48.8335540085949,2.425334030202309
MEDECINS_85,Medecins 85,48.82708446594482,2.367840255840687
MEDECINS_86,Medecins 86,48.89022909037875,2.359721632598438
MEDECINS_87,Medecins 87,48.838120568014254,2.2812314398388622
MEDECINS_88,Medecins 88,48.854473154154874,2.33812123283247
MEDECINS_89,Medecins 89,48.84160078555389,2.3640298966010387
MEDECINS_90,Medecins 90,48.883502051104536,2.3703194577386824
MEDECINS_91,Medecins 91,48.82292801617941,2.4101552585376624
MEDECINS_92,Medecins 92,48.88746013375944,2.275950284162245
MEDECINS_93,Medecins 93,48.83967989180826,2.3614705848373276
MEDECINS_94,Medecins 94,48.882708624730114,2.3074647518881393
MEDECINS_95,Medecins 95,48.83370189326731,2.2940355828878833
MEDECINS_96,Medecins 96,48.83465160106571,2.3855112862176897
MEDECINS_97,Medecins 97,48.87120175360687,2.355596925919663
MEDECINS_98,Medecins 98,48.857142617346675,2.4203740505081166
MEDECINS_99,Medecins 99,48.837988614729476,2.4177456962068145
MEDECINS_100,Medecins 100,48.84842955736705,2.3321114423177494
MEDECINS_101,Medecins 101,48.86144767729862,2.3922120827745865
MEDECINS_102,Medecins 102,48.823368107496094,2.3957359440565154
MEDECINS_103,Medecins 103,48.86677966012272,2.3903619836794103
MEDECINS_104,Medecins 104,48.870999550181374,2.353399596538435
MEDECINS_105,Medecins 105,48.857387295126145,2.3442316654475226
MEDECINS_106,Medecins 106,48.83785717518955,2.28634231966115
MEDECINS_107,Medecins 107,48.88479336430399,2.288446212627929
MEDECINS_108,Medecins 108,48.87426518179334,2.2730805190735195
MEDECINS_109,Medecins 109,48.83103615679366,2.2780261065065996
MEDECINS_110,Medecins 110,48.891141699778125,2.3060667835870245
MEDECINS_111,Medecins 111,48.889525976767565,2.388781305220956
MEDECINS_112,Medecins 112,48.83788884518793,2.423685712439445
MEDECINS_113,Medecins 113,48.81737901403683,2.4097672436751383
MEDECINS_114,Medecins 114,48.86110873930667,2.3644813710280355
MEDECINS_115,Medecins 115,48.855151017946234,2.4158655109754053
MEDECINS_116,Medecins 116,48.85178721566649,2.372732369599989
MEDECINS_117,Medecins 117,48.855487018536344,2.3155240960011243
MEDECINS_118,Medecins 118,48.85452515736173,2.400853843248345
MEDECINS_119,Medecins 119,48.8320211541902,2.3755543714729668
MEDECINS_120,Medecins 120,48.888697755141706,2.409759994285116
MEDECINS_121,Medecins 121,48.88989986907656,2.38520703273127
MEDECINS_122,Medecins 122,48.8952736837039,2.30472458002154
MEDECINS_123,Medecins 123,48.84712041972103,2.423692365309749
MEDECINS_124,Medecins 124,48.837493041775325,2.2780603715960397
MEDECINS_125,Medecins 125,48.837942574750215,2.3415589395282828
MEDECINS_126,Medecins 126,48.85491645566622,2.381046942141002
MEDECINS_127,Medecins 127,48.88776205389638,2.2940827601827833
MEDECINS_128,Medecins 128,48.84333642813135,2.3099211751566635
MEDECINS_129,Medecins 129,48.891799791925884,2.294985876847258
MEDECINS_130,Medecins 130,48.86238131491961,2.3290138522512396
MEDECINS_131,Medecins 131,48.838138911588516,2.3137518371236294
MEDECINS_132,Medecins 132,48.855462547750726,2.2870199363268426
MEDECINS_133,Medecins 133,48.8896699034977,2.36580429961548
MEDECINS_134,Medecins 134,48.88265288601241,2.2753274799175167
MEDECINS_135,Medecins 135,48.83215711808458,2.348869994693049
MEDECINS_136,Medecins 136,48.825836092087975,2.3878048798490155
MEDECINS_137,Medecins 137,48.84478696388005,2.329285920350718
MEDECINS_138,Medecins 138,48.8843633935449,2.277670706338006
MEDECINS_139,Medecins 139,48.87283144842418,2.3285613779549346
MEDECINS_140,Medecins 140,48.889151689055765,2.4099999787183903
MEDECINS_141,Medecins 141,48.86475240990622,2.3194056020090046
MEDECINS_142,Medecins 142,48.84661767552771,2.3248572409305157
MEDECINS_143,Medecins 143,48.88942898307485,2.425347908762035
MEDECINS_144,Medecins 144,48.84731355538851,2.4198344762231327
MEDECINS_145,Medecins 145,48.89401308327258,2.384774547662566
MEDECINS_146,Medecins 146,48.83854225590542,2.384077265176148
MEDECINS_147,Medecins 147,48.82100454950981,2.4309793316174186
MEDECINS_148,Medecins 148,48.870583514349185,2.3521140774622125
MEDECINS_149,Medecins 149,48.869561305019374,2.3230251173869774
MEDECINS_150,Medecins 150,48.8697498405155,2.285547423584461
MEDECINS_151,Medecins 151,48.83604789961527,2.384401123131557
MEDECINS_152,Medecins 152,48.816861624373104,2.4190126143520003
MEDECINS_153,Medecins 153,48.820237826368974,2.38611533467085
MEDECINS_154,Medecins 154,48.88859134705353,2.3356961875518363
MEDECINS_155,Medecins 155,48.887656581655406,2.2773921541618742
MEDECINS_156,Medecins 156,48.89356408347476,2.343947409302024
MEDECINS_157,Medecins 157,48.89386414616214,2.388874549037643
MEDECINS_158,Medecins 158,48.82366682342494,2.320859026309112
MEDECINS_159,Medecins 159,48.827878302213186,2.3677814273187634
MEDECINS_160,Medecins 160,48.89557105602644,2.311042642708624
MEDECINS_161,Medecins 161,48.893558709347055,2.3634785485807512
MEDECINS_162,Medecins 162,48.83066477874643,2.278716848310212
MEDECINS_163,Medecins 163,48.84058159020517,2.352222990139838
MEDECINS_164,Medecins 164,48.836270219630435,2.3970402811498133
MEDECINS_165,Medecins 165,48.81999490854833,2.3323494367044657
MEDECINS_166,Medecins 166,48.831689424454666,2.3413061727331153
MEDECINS_167,Medecins 167,48.88337738008422,2.367036228990912
MEDECINS_168,Medecins 168,48.86538505939999,2.324190537549281
MEDECINS_169,Medecins 169,48.852813465746756,2.2745974210074342
MEDECINS_170,Medecins 170,48.89390483943506,2.3834969277821663
MEDECINS_171,Medecins 171,48.82894066205782,2.404131672625466
MEDECINS_172,Medecins 172,48.85344375394567,2.2930094043231306
MEDECINS_173,Medecins 173,48.89108759411659,2.307254440619984
MEDECINS_174,Medecins 174,48.856385896904925,2.2734120827518365
MEDECINS_175,Medecins 175,48.87278711348802,2.3186410067190475
MEDECINS_176,Medecins 176,48.86733582662277,2.2791506282775185
MEDECINS_177,Medecins 177,48.830555796573734,2.2938281886830367
MEDECINS_178,Medecins 178,48.82349499075437,2.419302990234991
MEDECINS_179,Medecins 179,48.86875472237944,2.2892735431553577
MEDECINS_180,Medecins 180,48.88533338060483,2.378740527491683
MEDECINS_181,Medecins 181,48.822433066111806,2.326364277383332
MEDECINS_182,Medecins 182,48.84619628481182,2.4219528645747146
MEDECINS_183,Medecins 183,48.85828207227754,2.2787254222636184
MEDECINS_184,Medecins 184,48.83231084438324,2.2924285719512576
MEDECINS_185,Medecins 185,48.83737036711005,2.3251540522188754
MEDECINS_186,Medecins 186,48.85778410823092,2.3791139579226432
MEDECINS_187,Medecins 187,48.82822017108533,2.3149723124575874
MEDECINS_188,Medecins 188,48.86115895252204,2.4120288650569943
MEDECINS_189,Medecins 189,48.82839895911463,2.3037139160408913
MEDECINS_190,Medecins 190,48.832756046961464,2.431583830363129
MEDECINS_191,Medecins 191,48.880201500197686,2.364050601271112
MEDECINS_192,Medecins 192,48.85884342041927,2.3139311352856504
MEDECINS_193,Medecins 193,48.879257698386056,2.342180115960455
MEDECINS_194,Medecins 194,48.83480800465145,2.391158651384003
MEDECINS_195,Medecins 195,48.86199031820402,2.393638686975611
MEDECINS_196,Medecins 196,48.894926400475946,2.3860557478393205
MEDECINS_197,Medecins 197,48.81790307383694,2.3066604060529583
MEDECINS_198,Medecins 198,48.837427403165066,2.3626710893402714
MEDECINS_199,Medecins 199,48.8930294775898,2.3948028751242725
MEDECINS_200,Medecins 200,48.87725595649594,2.3097976182595277
MEDECINS_201,Medecins 201,48.818593424895546,2.2940503682641693
MEDECINS_202,Medecins 202,48.87918905256134,2.275782870155824
MEDECINS_203,Medecins 203,48.81773326768576,2.322990694270942
MEDECINS_204,Medecins 204,48.86072751420859,2.4230638663197976
MEDECINS_205,Medecins 205,48.86133779576342,2.33393049837885
MEDECINS_206,Medecins 206,48.83141986550114,2.3414611236166185
MEDECINS_207,Medecins 207,48.852566219898115,2.410866408406193
MEDECINS_208,Medecins 208,48.84857118010663,2.3681928774345553
MEDECINS_209,Medecins 209,48.826452506179166,2.3672920820222
MEDECINS_210,Medecins 210,48.883293138559594,2.308270347203269
MEDECINS_211,Medecins 211,48.8962601630711,2.3092574056699373
MEDECINS_212,Medecins 212,48.844612760708294,2.3197987806824143
MEDECINS_213,Medecins 213,48.82490953685272,2.387375711278354
MEDECINS_214,Medecins 214,48.85603686970426,2.308191925863944
MEDECINS_215,Medecins 215,48.87569807953321,2.4316518566729424
MEDECINS_216,Medecins 216,48.818277035215175,2.419870165492507
MEDECINS_217,Medecins 217,48.87352639038743,2.4135477547872206
MEDECINS_218,Medecins 218,48.853591553515386,2.342950839154155
MEDECINS_219,Medecins 219,48.88641028604182,2.3596412077578455
MEDECINS_220,Medecins 220,48.82673508515883,2.3718661350559405
MEDECINS_221,Medecins 221,48.850757856675074,2.4188833474943245
MEDECINS_222,Medecins 222,48.84487291110745,2.31203072875583
MEDECINS_223,Medecins 223,48.85699601586872,2.3861851333884756
MEDECINS_224,Medecins 224,48.83126035203391,2.298763549815917
MEDECINS_225,Medecins 225,48.8176867523664,2.2849593470790115
MEDECINS_226,Medecins 226,48.823886692299396,2.2982154126997596
MEDECINS_227,Medecins 227,48.88743745706485,2.378364504643382
MEDECINS_228,Medecins 228,48.849237128885484,2.3186424137038038
MEDECINS_229,Medecins 229,48.82397622465233,2.4152215695869383
MEDECINS_230,Medecins 230,48.849208281270776,2.3458619466269717
MEDECINS_231,Medecins 231,48.82966702120787,2.4167001716128222
MEDECINS_232,Medecins 232,48.86236481067201,2.4006670402635755
MEDECINS_233,Medecins 233,48.87856294061471,2.4266907604433516
MEDECINS_234,Medecins 234,48.83088797474471,2.3197905713691713
MEDECINS_235,Medecins 235,48.85679281483715,2.28193460311479
MEDECINS_236,Medecins 236,48.88338564650117,2.3450247773396535
MEDECINS_237,Medecins 237,48.858933437327195,2.3188776057273595
MEDECINS_238,Medecins 238,48.88369935031886,2.4205334186416825
MEDECINS_239,Medecins 239,48.868096443307905,2.319795104583871
MEDECINS_240,Medecins 240,48.87917855973045,2.283941837483628
MEDECINS_241,Medecins 241,48.86524462456206,2.3909044517722795
MEDECINS_242,Medecins 242,48.82164858528257,2.4122305209466033
MEDECINS_243,Medecins 243,48.82473175558857,2.417439829947752
MEDECINS_244,Medecins 244,48.85758732624873,2.399555246965958
MEDECINS_245,Medecins 245,48.840279055979614,2.324850257567106
MEDECINS_246,Medecins 246,48.84955595600746,2.2765240074274606
MEDECINS_247,Medecins 247,48.842725020954525,2.327925966121749
MEDECINS_248,Medecins 248,48.86749453866108,2.2886877267054264
MEDECINS_249,Medecins 249,48.88945883216018,2.3061092051843466
MEDECINS_250,Medecins 250,48.88761251375953,2.276065174359551
MEDECINS_251,Medecins 251,48.89139419363269,2.30409916510377
MEDECINS_252,Medecins 252,48.892246793999064,2.278971418113751
MEDECINS_253,Medecins 253,48.88217944786588,2.3181295691301425
MEDECINS_254,Medecins 254,48.85062438922025,2.4291244220142807
MEDECINS_255,Medecins 255,48.834271343350565,2.4222525488009747
MEDECINS_256,Medecins 256,48.82765812740898,2.3129579934939697
MEDECINS_257,Medecins 257,48.8234980544565,2.297142005911176
MEDECINS_258,Medecins 258,48.83332805053344,2.357961143869031
MEDECINS_259,Medecins 259,48.89463567787953,2.2737583570098003
MEDECINS_260,Medecins 260,48.87812958742423,2.3007320778606064
MEDECINS_261,Medecins 261,48.853678571935866,2.343522504309958
MEDECINS_262,Medecins 262,48.838003441439604,2.2827257690825835
MEDECINS_263,Medecins 263,48.857929822966376,2.3451783394132475
MEDECINS_264,Medecins 264,48.848718321654985,2.2850944321477775
MEDECINS_265,Medecins 265,48.879360555184746,2.3700783210379113
MEDECINS_266,Medecins 266,48.85091615039775,2.3272831959426967
MEDECINS_267,Medecins 267,48.822296501736815,2.389649367592036
MEDECINS_268,Medecins 268,48.86083484758239,2.274895821304603
MEDECINS_269,Medecins 269,48.866170365777975,2.325619555593933
MEDECINS_270,Medecins 270,48.83431867034779,2.358705676007315
MEDECINS_271,Medecins 271,48.85053132410302,2.3204631189978526
MEDECINS_272,Medecins 272,48.84141907917486,2.4149161267521833
MEDECINS_273,Medecins 273,48.86583848729471,2.3125888293301378
MEDECINS_274,Medecins 274,48.8269811907312,2.27895786457609
MEDECINS_275,Medecins 275,48.87789994672536,2.3746116430908777
MEDECINS_276,Medecins 276,48.88707755938775,2.3398927931655584
MEDECINS_277,Medecins 277,48.88985854432121,2.3518959276491525
MEDECINS_278,Medecins 278,48.850152005242045,2.3315831032465737
MEDECINS_279,Medecins 279,48.85934620340892,2.4258306173118402
MEDECINS_280,Medecins 280,48.8312609133098,2.366845072621199
MEDECINS_281,Medecins 281,48.83017494790609,2.3442814118141646
MEDECINS_282,Medecins 282,48.8957341263168,2.375932700154003
MEDECINS_283,Medecins 283,48.89364477341801,2.355208578799372
MEDECINS_284,Medecins 284,48.85359817292797,2.316927867409374
MEDECINS_285,Medecins 285,48.86980580232135,2.288929204069072
MEDECINS_286,Medecins 286,48.8247065963929,2.275248193764621
MEDECINS_287,Medecins 287,48.87848356625737,2.300613834828744
MEDECINS_288,Medecins 288,48.826911026577946,2.3521508108514935
MEDECINS_289,Medecins 289,48.89126939227723,2.274665384339803
MEDECINS_290,Medecins 290,48.89601629556848,2.3418361482581305
MEDECINS_291,Medecins 291,48.86650922653651,2.320864571834591
MEDECINS_292,Medecins 292,48.87090965545181,2.2756792277999867
MEDECINS_293,Medecins 293,48.817475701666126,2.329960342439424
MEDECINS_294,Medecins 294,48.88254256074121,2.405093389839484
MEDECINS_295,Medecins 295,48.82033952414762,2.3464831371250403
MEDECINS_296,Medecins 296,48.894260244443636,2.4121217124250616
MEDECINS_297,Medecins 297,48.84056993379846,2.339019176250328
MEDECINS_298,Medecins 298,48.87213963840555,2.4019342040917624
MEDECINS_299,Medecins 299,48.88928266150807,2.406495636827844
MEDECINS_300,Medecins 300,48.8288129654329,2.3624371024381587
MEDECINS_301,Medecins 301,48.84654049114691,2.342933718001046
MEDECINS_302,Medecins 302,48.828661534264036,2.3738586643077446
MEDECINS_303,Medecins 303,48.83378838379299,2.349149681559551
MEDECINS_304,Medecins 304,48.877813933945774,2.4116651460012077
MEDECINS_305,Medecins 305,48.88114286430841,2.4228951929786806
MEDECINS_306,Medecins 306,48.87814757023525,2.272466038500422
MEDECINS_307,Medecins 307,48.82358610794464,2.2976222875012984
MEDECINS_308,Medecins 308,48.844058319248205,2.39743699071721
MEDECINS_309,Medecins 309,48.83700706606515,2.4101682484225493
MEDECINS_310,Medecins 310,48.868020670316064,2.3777480855275495
MEDECINS_311,Medecins 311,48.86899788580992,2.3910668650988645
MEDECINS_312,Medecins 312,48.883579518407785,2.356358446235653
MEDECINS_313,Medecins 313,48.89184286029708,2.3238539585808886
MEDECINS_314,Medecins 314,48.89376005918304,2.3636813225902995
MEDECINS_315,Medecins 315,48.8419254226234,2.3932129204386645
MEDECINS_316,Medecins 316,48.87901873256902,2.293811353692734
MEDECINS_317,Medecins 317,48.888522229351146,2.4157204309586993
MEDECINS_318,Medecins 318,48.84460160419636,2.3150654603943055
MEDECINS_319,Medecins 319,48.88090881031006,2.352310524069791
MEDECINS_320,Medecins 320,48.8914515187591,2.316040238612845
MEDECINS_321,Medecins 321,48.88115062286811,2.378601792963895
MEDECINS_322,Medecins 322,48.826571638401624,2.4048904145081633
MEDECINS_323,Medecins 323,48.82594768212743,2.3024690686838833
MEDECINS_324,Medecins 324,48.89247684430829,2.4014044593855326
MEDECINS_325,Medecins 325,48.851826495780855,2.404354123922687
MEDECINS_326,Medecins 326,48.83354688146748,2.379378291741525
MEDECINS_327,Medecins 327,48.84167952522505,2.344483406556612
MEDECINS_328,Medecins 328,48.850420196973005,2.356487823092466
MEDECINS_329,Medecins 329,48.836564218151544,2.422311575567849
MEDECINS_330,Medecins 330,48.84129966154696,2.278249954017235
MEDECINS_331,Medecins 331,48.88594514058623,2.3035722547296578
MEDECINS_332,Medecins 332,48.88716278493065,2.3292341067758158
MEDECINS_333,Medecins 333,48.88962081202695,2.3364405146817355
MEDECINS_334,Medecins 334,48.88867662756364,2.390335524397336
MEDECINS_335,Medecins 335,48.823167722788874,2.411974416048516
MEDECINS_336,Medecins 336,48.866161135964816,2.2802465869271025
MEDECINS_337,Medecins 337,48.8953402567604,2.4099967746705513
MEDECINS_338,Medecins 338,48.83419723081516,2.2987008600862757
MEDECINS_339,Medecins 339,48.84766301793478,2.3527476438396127
MEDECINS_340,Medecins 340,48.82273962077258,2.4035718029092608
MEDECINS_341,Medecins 341,48.829068647753544,2.3995790612144714
MEDECINS_342,Medecins 342,48.846881520962945,2.28656959483884
MEDECINS_343,Medecins 343,48.85034860240997,2.4124340610200745
MEDECINS_344,Medecins 344,48.878726549605815,2.3740467235373965
MEDECINS_345,Medecins 345,48.85604588619102,2.277101951487257
MEDECINS_346,Medecins 346,48.861409765230526,2.3291219481938286
MEDECINS_347,Medecins 347,48.832168887003625,2.3599062858771207
MEDECINS_348,Medecins 348,48.84043458440432,2.288998716889364
MEDECINS_349,Medecins 349,48.879821790129355,2.367871275385625
MEDECINS_350,Medecins 350,48.841185742747754,2.350706702684269
MEDECINS_351,Medecins 351,48.86468458445521,2.4164057307458817
MEDECINS_352,Medecins 352,48.8625562556078,2.400707747546507
MEDECINS_353,Medecins 353,48.83562771139897,2.3433637575625648
MEDECINS_354,Medecins 354,48.8264070460325,2.4004859495473836
MEDECINS_355,Medecins 355,48.86641744721731,2.351984502805303
MEDECINS_356,Medecins 356,48.84830790952616,2.3382688097051387
MEDECINS_357,Medecins 357,48.88994283298556,2.4033873163620396
MEDECINS_358,Medecins 358,48.8242191362869,2.377583799691703
MEDECINS_359,Medecins 359,48.85304277913764,2.414697879592361
MEDECINS_360,Medecins 360,48.825456963124644,2.2906986672219976
MEDECINS_361,Medecins 361,48.82744556750661,2.341923932222547
MEDECINS_362,Medecins 362,48.883379603165174,2.415865790485056
MEDECINS_363,Medecins 363,48.8893959634473,2.350288327009458
MEDECINS_364,Medecins 364,48.89011830435548,2.3778406438477626
MEDECINS_365,Medecins 365,48.87339372861669,2.412815364333896
MEDECINS_366,Medecins 366,48.85214898485477,2.295302931434456
MEDECINS_367,Medecins 367,48.83661864658353,2.353068035047101
MEDECINS_368,Medecins 368,48.892316434619616,2.3058619664286715
MEDECINS_369,Medecins 369,48.89412532242113,2.413088442952999
MEDECINS_370,Medecins 370,48.88473559036053,2.4258669607720864
MEDECINS_371,Medecins 371,48.86597673013147,2.3353356164535253
MEDECINS_372,Medecins 372,48.82739162384391,2.3571205401290096
MEDECINS_373,Medecins 373,48.818904459532156,2.3355995458095378
MEDECINS_374,Medecins 374,48.83861353258073,2.392421049447635
MEDECINS_375,Medecins 375,48.881746888355444,2.413138234962273
MEDECINS_376,Medecins 376,48.82710187988931,2.279400533137013
MEDECINS_377,Medecins 377,48.87624504757997,2.385704993481666
MEDECINS_378,Medecins 378,48.879931182958636,2.43042582589779
MEDECINS_379,Medecins 379,48.88620688537957,2.3299793227276924
MEDECINS_380,Medecins 380,48.84015321893937,2.3833517208848023
MEDECINS_381,Medecins 381,48.81670207775215,2.3827251677208787
MEDECINS_382,Medecins 382,48.84562650843737,2.2758340096626917
MEDECINS_383,Medecins 383,48.86229753312613,2.3967339863806156
MEDECINS_384,Medecins 384,48.89290341773734,2.4304575431745152
MEDECINS_385,Medecins 385,48.88295897901267,2.39741120848529
MEDECINS_386,Medecins 386,48.85829135714638,2.404068306628465
MEDECINS_387,Medecins 387,48.8168312547586,2.308077184532527
MEDECINS_388,Medecins 388,48.85833004785256,2.2980808529565313
MEDECINS_389,Medecins 389,48.84621796071117,2.3480970489650588
MEDECINS_390,Medecins 390,48.838392513048106,2.3231340231202227
MEDECINS_391,Medecins 391,48.81903089727031,2.3553933247919265
MEDECINS_392,Medecins 392,48.826573164428524,2.3571337519663285
MEDECINS_393,Medecins 393,48.878588833864754,2.417937815872641
MEDECINS_394,Medecins 394,48.85561584639407,2.3578887016187724
MEDECINS_395,Medecins 395,48.87668917516215,2.3602695382699292
MEDECINS_396,Medecins 396,48.86547846113896,2.326286105596193
MEDECINS_397,Medecins 397,48.82214352065813,2.3814157587034077
MEDECINS_398,Medecins 398,48.889536002036714,2.408495237597602
MEDECINS_399,Medecins 399,48.858087167095384,2.404427373758814
MEDECINS_400,Medecins 400,48.81984679982218,2.3181165043011016
MEDECINS_401,Medecins 401,48.87887962604971,2.4238212676273316
MEDECINS_402,Medecins 402,48.81709767418533,2.4201694437568095
MEDECINS_403,Medecins 403,48.822173809355434,2.317242955400404
MEDECINS_404,Medecins 404,48.86808387828509,2.392282559255304
MEDECINS_405,Medecins 405,48.84315323561622,2.285447786515851
MEDECINS_406,Medecins 406,48.85005928394917,2.29126140681914
MEDECINS_407,Medecins 407,48.875562405399194,2.3854278467885206
MEDECINS_408,Medecins 408,48.89385533456663,2.3746727303461097
MEDECINS_409,Medecins 409,48.873336107251376,2.295674182335359
MEDECINS_410,Medecins 410,48.8323342011116,2.343399633114339
MEDECINS_411,Medecins 411,48.82176025091993,2.3602188944819087
MEDECINS_412,Medecins 412,48.862126797096465,2.2818255797160827
MEDECINS_413,Medecins 413,48.85732843342735,2.2949385528991644
MEDECINS_414,Medecins 414,48.8887421288671,2.3577149161976516
MEDECINS_415,Medecins 415,48.82864498745811,2.4119567776084563
MEDECINS_416,Medecins 416,48.83137659908346,2.2976408227928773
MEDECINS_417,Medecins 417,48.878040974797486,2.3419044582435893
MEDECINS_418,Medecins 418,48.827087815077604,2.388798155916509
MEDECINS_419,Medecins 419,48.87368438986783,2.426720422874287
MEDECINS_420,Medecins 420,48.827501142962994,2.3928251232906903
MEDECINS_421,Medecins 421,48.85652299643485,2.3792077482079423
MEDECINS_422,Medecins 422,48.83378360364317,2.2896796749209187
MEDECINS_423,Medecins 423,48.86698346737034,2.4063789500511144
MEDECINS_424,Medecins 424,48.857532696336435,2.314685286478766
MEDECINS_425,Medecins 425,48.84046645739927,2.387749237561715
MEDECINS_426,Medecins 426,48.85866701267774,2.2915881843622086
MEDECINS_427,Medecins 427,48.87184429879412,2.4031944483417598
MEDECINS_428,Medecins 428,48.84033035537319,2.297107125879497
MEDECINS_429,Medecins 429,48.88912171200399,2.2970383472351723
MEDECINS_430,Medecins 430,48.8884293478568,2.3741174445313336
MEDECINS_431,Medecins 431,48.82262661217677,2.363236911166054
MEDECINS_432,Medecins 432,48.86530981401196,2.3017922613955952
MEDECINS_433,Medecins 433,48.86074083948712,2.4136984264187142
MEDECINS_434,Medecins 434,48.881843261973316,2.4222101376061884
MEDECINS_435,Medecins 435,48.849430071323184,2.3796156323438176
MEDECINS_436,Medecins 436,48.857710475469936,2.294368168725157
MEDECINS_437,Medecins 437,48.847161221339256,2.2767917427026902
MEDECINS_438,Medecins 438,48.84121865544535,2.3560868002348547
MEDECINS_439,Medecins 439,48.82339604738879,2.3594733882363834
MEDECINS_440,Medecins 440,48.86612459885846,2.348611640786203
MEDECINS_441,Medecins 441,48.855789223086965,2.3871994876429663
MEDECINS_442,Medecins 442,48.86079416530807,2.3112702830214813
MEDECINS_443,Medecins 443,48.82887665012015,2.2946938430631936
MEDECINS_444,Medecins 444,48.88909975128198,2.3102527315701398
MEDECINS_445,Medecins 445,48.825121055691504,2.3034376678410893
MEDECINS_446,Medecins 446,48.865300411892754,2.3456405189589873
MEDECINS_447,Medecins 447,48.82487104281002,2.276628423860965
MEDECINS_448,Medecins 448,48.83874655987027,2.3479416390850374
MEDECINS_449,Medecins 449,48.875685622113174,2.3630499800067146
MEDECINS_450,Medecins 450,48.81995244170395,2.3462044948242644
MEDECINS_451,Medecins 451,48.85056515553401,2.3529844665246786
MEDECINS_452,Medecins 452,48.87312945794763,2.4060713522525687
MEDECINS_453,Medecins 453,48.85847125676798,2.2858592440887904
MEDECINS_454,Medecins 454,48.83764797002555,2.3208398488656723
MEDECINS_455,Medecins 455,48.87324553760284,2.337859701634742
MEDECINS_456,Medecins 456,48.86199330643939,2.429459428570286
MEDECINS_457,Medecins 457,48.834204356688716,2.280378429925036
MEDECINS_458,Medecins 458,48.89329970461164,2.3501773518014333
MEDECINS_459,Medecins 459,48.825759953850444,2.4191307981871657
MEDECINS_460,Medecins 460,48.88050294776286,2.3862266491134716
MEDECINS_461,Medecins 461,48.85847813102609,2.324548296278763
MEDECINS_462,Medecins 462,48.87835076862124,2.3364766990106762
MEDECINS_463,Medecins 463,48.85071605381331,2.2885152112617453
MEDECINS_464,Medecins 464,48.89582953063727,2.3546716394530303
MEDECINS_465,Medecins 465,48.89207609632171,2.2831736549027144
MEDECINS_466,Medecins 466,48.87614997460887,2.3279754197131695
MEDECINS_467,Medecins 467,48.88377585946094,2.4058966670767545
MEDECINS_468,Medecins 468,48.847294737452465,2.4291683337244008
MEDECINS_469,Medecins 469,48.895821068708194,2.2745202769044326
MEDECINS_470,Medecins 470,48.87177970340321,2.346424233416877
MEDECINS_471,Medecins 471,48.848440304984976,2.2746094418658296
MEDECINS_472,Medecins 472,48.85130698729041,2.3861599856343068
MEDECINS_473,Medecins 473,48.87246404177538,2.430646211602243
MEDECINS_474,Medecins 474,48.85034313254993,2.3529778421984147
MEDECINS_475,Medecins 475,48.89560203571662,2.2756100296758452
MEDECINS_476,Medecins 476,48.876270791666926,2.3944086781827014
MEDECINS_477,Medecins 477,48.840817136790015,2.3848744659561394
MEDECINS_478,Medecins 478,48.894407386333036,2.371946799092396
MEDECINS_479,Medecins 479,48.817797397509125,2.276871065989945
MEDECINS_480,Medecins 480,48.822832624773596,2.3407036579762885
MEDECINS_481,Medecins 481,48.85734232046178,2.2763387624600004
MEDECINS_482,Medecins 482,48.8350036203184,2.324946123403437
MEDECINS_483,Medecins 483,48.837184226183425,2.2819219571530143
MEDECINS_484,Medecins 484,48.83237558302023,2.3962218797428045
MEDECINS_485,Medecins 485,48.866321959466035,2.3894083053061443
MEDECINS_486,Medecins 486,48.867650267849235,2.2858856042051605
MEDECINS_487,Medecins 487,48.85185173875177,2.353131892683002
MEDECINS_488,Medecins 488,48.83132790423243,2.322208696582691
MEDECINS_489,Medecins 489,48.81694815583293,2.2838593546094232
MEDECINS_490,Medecins 490,48.86414278656098,2.2868485105237824
MEDECINS_491,Medecins 491,48.85986864982222,2.407666486039625
MEDECINS_492,Medecins 492,48.86625102943932,2.3850039502672824
MEDECINS_493,Medecins 493,48.837646832422955,2.3996787510778113
MEDECINS_494,Medecins 494,48.88837076031001,2.3180798391751893
MEDECINS_495,Medecins 495,48.818418394629674,2.3488277966342035
MEDECINS_496,Medecins 496,48.8530743021313,2.297451598896453
MEDECINS_497,Medecins 497,48.82606696229096,2.370401806242363
MEDECINS_498,Medecins 498,48.88763424516539,2.4259639479538087
MEDECINS_499,Medecins 499,48.89591191861749,2.339233570051381
MEDECINS_500,Medecins 500,48.881660012921905,2.3924515595164686
MEDECINS_501,Medecins 501,48.881378915252185,2.3222649540303846
MEDECINS_502,Medecins 502,48.86258225603903,2.4229216969622294
MEDECINS_503,Medecins 503,48.84795114891207,2.335117764936793
MEDECINS_504,Medecins 504,48.817895740560665,2.376546456422504
MEDECINS_505,Medecins 505,48.879135417652826,2.272948230189004
MEDECINS_506,Medecins 506,48.87570939333522,2.3586623928346566
MEDECINS_507,Medecins 507,48.860403869595835,2.4312355450586165
MEDECINS_508,Medecins 508,48.86396179482569,2.356466017825264
MEDECINS_509,Medecins 509,48.83503254676668,2.359063169025268
MEDECINS_510,Medecins 510,48.85905881355281,2.355216698909578
MEDECINS_511,Medecins 511,48.86625609444953,2.354489023366542
MEDECINS_512,Medecins 512,48.84284738405499,2.3796264806841005
MEDECINS_513,Medecins 513,48.88497326327284,2.332101478604253
MEDECINS_514,Medecins 514,48.88306387046548,2.382785256083889
MEDECINS_515,Medecins 515,48.89387771968314,2.400957092102598
MEDECINS_516,Medecins 516,48.88182809196739,2.401465342874284
MEDECINS_517,Medecins 517,48.837666352204366,2.3482433070021007
MEDECINS_518,Medecins 518,48.85353095331553,2.3838829362377596
MEDECINS_519,Medecins 519,48.844044845355285,2.3340800414093126
MEDECINS_520,Medecins 520,48.82864356210913,2.3958243241261297
MEDECINS_521,Medecins 521,48.8668832149312,2.333460510471058
MEDECINS_522,Medecins 522,48.87831649962293,2.2772234632871498
MEDECINS_523,Medecins 523,48.87241616482977,2.3078556504185666
MEDECINS_524,Medecins 524,48.82010297330636,2.310278112290199
MEDECINS_525,Medecins 525,48.867960804106154,2.3225941164216795
MEDECINS_526,Medecins 526,48.851789004844576,2.282300687959238
MEDECINS_527,Medecins 527,48.85549633404258,2.275131176929762
MEDECINS_528,Medecins 528,48.83544949395953,2.2740714395323103
MEDECINS_529,Medecins 529,48.89197413301123,2.3122066688706275
MEDECINS_530,Medecins 530,48.83713725806458,2.288053765089475
MEDECINS_531,Medecins 531,48.83831505524725,2.316172990007495
MEDECINS_532,Medecins 532,48.84633217788616,2.4029729417002392
MEDECINS_533,Medecins 533,48.833131813949095,2.3060370108568784
MEDECINS_534,Medecins 534,48.835642290220086,2.4042554727351866
MEDECINS_535,Medecins 535,48.834015197930505,2.303714071800074
MEDECINS_536,Medecins 536,48.857992110918325,2.334667735175655
MEDECINS_537,Medecins 537,48.83268396839931,2.3466774490975504
MEDECINS_538,Medecins 538,48.86826129600816,2.3752903732934487
MEDECINS_539,Medecins 539,48.843390466275295,2.4084923418528064
MEDECINS_540,Medecins 540,48.83470876054064,2.2894181251294405
MEDECINS_541,Medecins 541,48.866660735718995,2.3213139797899354
MEDECINS_542,Medecins 542,48.83280197951033,2.3465850370217223
MEDECINS_543,Medecins 543,48.84350476512055,2.331606572171278
MEDECINS_544,Medecins 544,48.867632644261754,2.4294953459015964
MEDECINS_545,Medecins 545,48.84461864041947,2.3843083829427036
MEDECINS_546,Medecins 546,48.888381822672855,2.2790258842000486
MEDECINS_547,Medecins 547,48.89446570032004,2.303302427806823
MEDECINS_548,Medecins 548,48.8217384266524,2.304414569591621
MEDECINS_549,Medecins 549,48.88908348060762,2.372487601366219
MEDECINS_550,Medecins 550,48.864400104893356,2.3597521012231946
MEDECINS_551,Medecins 551,48.86294648248424,2.3744599617175854
MEDECINS_552,Medecins 552,48.843459675859904,2.4121603351341174
MEDECINS_553,Medecins 553,48.882968546566254,2.3559477847279227
MEDECINS_554,Medecins 554,48.855437376262145,2.327829387879696
MEDECINS_555,Medecins 555,48.84319389279184,2.413491169091656
MEDECINS_556,Medecins 556,48.84887204462052,2.358071383673397
MEDECINS_557,Medecins 557,48.839491762367345,2.2854578766611935
MEDECINS_558,Medecins 558,48.860581023183904,2.296960404642055
MEDECINS_559,Medecins 559,48.87864957223662,2.347790907943259
MEDECINS_560,Medecins 560,48.86915531916372,2.389679382095562
MEDECINS_561,Medecins 561,48.8299862692305,2.309844458551187
MEDECINS_562,Medecins 562,48.8368239795589,2.39764594351874
MEDECINS_563,Medecins 563,48.82509438836341,2.2832989163871806
MEDECINS_564,Medecins 564,48.88779725867629,2.3644012753964936
MEDECINS_565,Medecins 565,48.830758267715936,2.4009597542715886
MEDECINS_566,Medecins 566,48.8549066087063,2.290092337329217
MEDECINS_567,Medecins 567,48.89451096589062,2.341248173927154
MEDECINS_568,Medecins 568,48.849082408608744,2.399920351832167
MEDECINS_569,Medecins 569,48.83570143841973,2.3682188772079726
MEDECINS_570,Medecins 570,48.86718589840308,2.2981385106782115
MEDECINS_571,Medecins 571,48.82171886006252,2.346650970698364
MEDECINS_572,Medecins 572,48.88471497746986,2.3128776465740017
MEDECINS_573,Medecins 573,48.888304899781495,2.342094835781925
MEDECINS_574,Medecins 574,48.83542135025671,2.314781349850608
MEDECINS_575,Medecins 575,48.84669889930784,2.353708229272392
MEDECINS_576,Medecins 576,48.872043421003355,2.3569045044696306
MEDECINS_577,Medecins 577,48.85368887975094,2.373345712024368
MEDECINS_578,Medecins 578,48.849751332170996,2.3922355246494753
MEDECINS_579,Medecins 579,48.87266698324377,2.2767396739896664
MEDECINS_580,Medecins 580,48.854701188693234,2.275363181260062
MEDECINS_581,Medecins 581,48.87871455016152,2.3877674033749328
MEDECINS_582,Medecins 582,48.857574949387924,2.385893427949432
MEDECINS_583,Medecins 583,48.83595116346919,2.381619077427064
MEDECINS_584,Medecins 584,48.88081481883782,2.357495200928284
MEDECINS_585,Medecins 585,48.85698299453061,2.31884824410937
MEDECINS_586,Medecins 586,48.827726312279566,2.3949727643895597
MEDECINS_587,Medecins 587,48.86355144085835,2.3515055482070673
MEDECINS_588,Medecins 588,48.88945224531674,2.4188328016982306
MEDECINS_589,Medecins 589,48.894274446095054,2.337394719078011
MEDECINS_590,Medecins 590,48.86730824724282,2.421961084319869
MEDECINS_591,Medecins 591,48.89123610631174,2.2725755499908367
MEDECINS_592,Medecins 592,48.82004413755653,2.302676864034686
MEDECINS_593,Medecins 593,48.84040133069599,2.3026816787614863
MEDECINS_594,Medecins 594,48.819480526928494,2.429734064816906
MEDECINS_595,Medecins 595,48.872437459181796,2.356388393867172
MEDECINS_596,Medecins 596,48.81952546929005,2.3330782326119026
MEDECINS_597,Medecins 597,48.84078285059621,2.3008952465422
MEDECINS_598,Medecins 598,48.83382341280718,2.327965943315924
MEDECINS_599,Medecins 599,48.86812070914288,2.3698674104848103
MEDECINS_600,Medecins 600,48.826813329969276,2.4245677166518345
MEDECINS_601,Medecins 601,48.82110331630346,2.358833037350458
MEDECINS_602,Medecins 602,48.853211999348396,2.4027259463706967
MEDECINS_603,Medecins 603,48.8671582625221,2.4286967290683417
MEDECINS_604,Medecins 604,48.86769761857497,2.360588846728792
MEDECINS_605,Medecins 605,48.87418635519661,2.278750087303879
MEDECINS_606,Medecins 606,48.87860814557979,2.3860702813719565
MEDECINS_607,Medecins 607,48.86203634113161,2.309614425348196
MEDECINS_608,Medecins 608,48.82303423640542,2.377462086037746
MEDECINS_609,Medecins 609,48.84658102342757,2.3032716701685034
MEDECINS_610,Medecins 610,48.83715949581172,2.2934086349599365
MEDECINS_611,Medecins 611,48.86833042500703,2.4144379134633502
MEDECINS_612,Medecins 612,48.852872160968644,2.275063417447113
MEDECINS_613,Medecins 613,48.823360535079374,2.3412931255809872
MEDECINS_614,Medecins 614,48.86198060333876,2.3245518056731007
MEDECINS_615,Medecins 615,48.819410893590145,2.349401040671107
MEDECINS_616,Medecins 616,48.8245442436707,2.3563767502170543
MEDECINS_617,Medecins 617,48.88265800371324,2.316910275342221
MEDECINS_618,Medecins 618,48.8326020840006,2.411060756999853
MEDECINS_619,Medecins 619,48.85754342049843,2.3400562017958455
MEDECINS_620,Medecins 620,48.87347734624122,2.3598272570947874
MEDECINS_621,Medecins 621,48.836181197186285,2.339187113098211
MEDECINS_622,Medecins 622,48.85886116385155,2.4318040454866185
MEDECINS_623,Medecins 623,48.863736217888906,2.4069811886693953
MEDECINS_624,Medecins 624,48.82121234765708,2.4201726509866868
MEDECINS_625,Medecins 625,48.83193732646741,2.353222926158657
MEDECINS_626,Medecins 626,48.83721829685215,2.3563293134397134
MEDECINS_627,Medecins 627,48.854512309905374,2.2870845477317876
MEDECINS_628,Medecins 628,48.86082653115211,2.394359628306395
MEDECINS_629,Medecins 629,48.848291565923006,2.3962329681800685
MEDECINS_630,Medecins 630,48.87540276493062,2.3384913734134334
MEDECINS_631,Medecins 631,48.84816150758521,2.345324263917299
MEDECINS_632,Medecins 632,48.85006739262626,2.3300749542769235
MEDECINS_633,Medecins 633,48.86532608337837,2.4119073576021686
MEDECINS_634,Medecins 634,48.8267100176206,2.401767743082756
MEDECINS_635,Medecins 635,48.89494917750052,2.340658935120569
MEDECINS_636,Medecins 636,48.859443575628966,2.391920238783002
MEDECINS_637,Medecins 637,48.85792031987377,2.399600999179391
MEDECINS_638,Medecins 638,48.83229978007827,2.301772423336483
MEDECINS_639,Medecins 639,48.89102202774221,2.3283695236473956
MEDECINS_640,Medecins 640,48.849200368857986,2.406230512825116
MEDECINS_641,Medecins 641,48.87400525138042,2.39416953058754
MEDECINS_642,Medecins 642,48.86781706243171,2.394845256934451
MEDECINS_643,Medecins 643,48.82267932182408,2.412684707988623
MEDECINS_644,Medecins 644,48.85068706635896,2.407212772343919
MEDECINS_645,Medecins 645,48.868476070106176,2.3785697273030753
MEDECINS_646,Medecins 646,48.89322745495554,2.30143551519195
MEDECINS_647,Medecins 647,48.8720834266645,2.3854860153735413
MEDECINS_648,Medecins 648,48.86078122373641,2.388898829795808
MEDECINS_649,Medecins 649,48.88008618500708,2.335149883713017
MEDECINS_650,Medecins 650,48.877791908283655,2.4190198799083027
MEDECINS_651,Medecins 651,48.89192607782383,2.406819474779441
MEDECINS_652,Medecins 652,48.89136752050356,2.3156932727273123
MEDECINS_653,Medecins 653,48.83919160772897,2.2918980628540284
MEDECINS_654,Medecins 654,48.84093819581615,2.275887372109077
MEDECINS_655,Medecins 655,48.82382892821803,2.3076998926444015
MEDECINS_656,Medecins 656,48.82430880780729,2.377152866133725
MEDECINS_657,Medecins 657,48.88470529654836,2.298399088533098
MEDECINS_658,Medecins 658,48.88859763795261,2.324221222388305
MEDECINS_659,Medecins 659,48.8801498657518,2.3757928798388535
MEDECINS_660,Medecins 660,48.82457206532954,2.343724901777612
MEDECINS_661,Medecins 661,48.84376838521431,2.376989111592641
MEDECINS_662,Medecins 662,48.89403481701349,2.3826498815550146
MEDECINS_663,Medecins 663,48.8495109084504,2.431643558340612
MEDECINS_664,Medecins 664,48.82696535425018,2.3748349631797145
MEDECINS_665,Medecins 665,48.84231550205161,2.277132293064581
MEDECINS_666,Medecins 666,48.84004566500074,2.301631999502299
MEDECINS_667,Medecins 667,48.89088651430183,2.387089264800748
MEDECINS_668,Medecins 668,48.86582494903162,2.3024110894694405
MEDECINS_669,Medecins 669,48.84375869028984,2.3590437836376923
MEDECINS_670,Medecins 670,48.83029606575305,2.275678101320916
MEDECINS_671,Medecins 671,48.82103632725012,2.356762922734286
MEDECINS_672,Medecins 672,48.86846098278911,2.2929452916151125
MEDECINS_673,Medecins 673,48.822638085783915,2.3116566461424557
MEDECINS_674,Medecins 674,48.889659201902845,2.4123314577416464
MEDECINS_675,Medecins 675,48.828921934237506,2.279175550101498
MEDECINS_676,Medecins 676,48.87378883933065,2.3591690891496926
MEDECINS_677,Medecins 677,48.841691806359826,2.3840753607160177
MEDECINS_678,Medecins 678,48.837566427429515,2.3944193075394358
MEDECINS_679,Medecins 679,48.8809933703347,2.4260503321655396
MEDECINS_680,Medecins 680,48.85064227736748,2.299251234331801
MEDECINS_681,Medecins 681,48.83585222858158,2.3484190252053376
MEDECINS_682,Medecins 682,48.876769860244714,2.3353351288512703
MEDECINS_683,Medecins 683,48.836386607593425,2.3107594434419827
MEDECINS_684,Medecins 684,48.88415273352682,2.41183972166634
MEDECINS_685,Medecins 685,48.8284865229439,2.371716661546462
MEDECINS_686,Medecins 686,48.89333964183227,2.300777598529184
MEDECINS_687,Medecins 687,48.830769870222106,2.28491029633346
MEDECINS_688,Medecins 688,48.836055052607286,2.412094773755716
MEDECINS_689,Medecins 689,48.875598988806374,2.3909525549416353
MEDECINS_690,Medecins 690,48.8502516459398,2.430797263713427
MEDECINS_691,Medecins 691,48.8266209366848,2.2806180178306947
MEDECINS_692,Medecins 692,48.82860363857475,2.4039777621751592
MEDECINS_693,Medecins 693,48.831460314962285,2.2826087342932047
MEDECINS_694,Medecins 694,48.82084580552258,2.419520602113679
MEDECINS_695,Medecins 695,48.872885154860235,2.3476224035198667
MEDECINS_696,Medecins 696,48.84430334948188,2.4203077039643657
MEDECINS_697,Medecins 697,48.86217241235317,2.3049539721360826
MEDECINS_698,Medecins 698,48.874425674311766,2.3073559484428836
MEDECINS_699,Medecins 699,48.821820203710615,2.376665317842329
MEDECINS_700,Medecins 700,48.88342739448062,2.38473373719563
MEDECINS_701,Medecins 701,48.85776832310152,2.3119923770934765
MEDECINS_702,Medecins 702,48.83153189554726,2.416438850626562
MEDECINS_703,Medecins 703,48.824354551467465,2.3159025228840777
MEDECINS_704,Medecins 704,48.840748774066604,2.285981595464067
MEDECINS_705,Medecins 705,48.85182442694185,2.385801597218763
MEDECINS_706,Medecins 706,48.87976510372692,2.2885562611625763
MEDECINS_707,Medecins 707,48.87990844671828,2.36994687196406
MEDECINS_708,Medecins 708,48.82962560615946,2.336796979082224
MEDECINS_709,Medecins 709,48.846688308846915,2.4174179841430252
MEDECINS_710,Medecins 710,48.86171236245798,2.364848912220523
MEDECINS_711,Medecins 711,48.88720429694577,2.2842272941121564
MEDECINS_712,Medecins 712,48.89044779051414,2.3638869896683117
MEDECINS_713,Medecins 713,48.84552437911808,2.3511751386584527
MEDECINS_714,Medecins 714,48.87852617891343,2.375841791722872
MEDECINS_715,Medecins 715,48.865917711168876,2.362442024020384
MEDECINS_716,Medecins 716,48.882717343888984,2.335983369142144
MEDECINS_717,Medecins 717,48.86667631782759,2.3118603388039833
MEDECINS_718,Medecins 718,48.87162726010963,2.370359604113088
MEDECINS_719,Medecins 719,48.84247164265633,2.316123533721557
MEDECINS_720,Medecins 720,48.843414546359064,2.4171238116086093
MEDECINS_721,Medecins 721,48.87921042800154,2.405664575670609
MEDECINS_722,Medecins 722,48.89535208430551,2.285616787734949
MEDECINS_723,Medecins 723,48.83018829371791,2.31807804572541
MEDECINS_724,Medecins 724,48.82384715302294,2.4029136526252177
MEDECINS_725,Medecins 725,48.85257685001568,2.281232092545608
MEDECINS_726,Medecins 726,48.86277684333852,2.425336794398037
MEDECINS_727,Medecins 727,48.82064880842804,2.338679954085449
MEDECINS_728,Medecins 728,48.87667184352127,2.378896757185316
MEDECINS_729,Medecins 729,48.842112932099596,2.381329541638768
MEDECINS_730,Medecins 730,48.81964787191614,2.3258769808777155
MEDECINS_731,Medecins 731,48.89121774886796,2.282126349940299
MEDECINS_732,Medecins 732,48.88843080856088,2.38484549529914
MEDECINS_733,Medecins 733,48.85116842318959,2.280887100576464
MEDECINS_734,Medecins 734,48.85188223736801,2.273270469152703
MEDECINS_735,Medecins 735,48.83515288020822,2.3818707341970713
MEDECINS_736,Medecins 736,48.88395454500732,2.30276313753273
MEDECINS_737,Medecins 737,48.823079245644365,2.326716729664496
MEDECINS_738,Medecins 738,48.87251152185098,2.410182997079093
MEDECINS_739,Medecins 739,48.82634710729813,2.4210933242026633
MEDECINS_740,Medecins 740,48.880411617338545,2.3602132180549558
MEDECINS_741,Medecins 741,48.855711131099284,2.41756810909722
MEDECINS_742,Medecins 742,48.86291218500257,2.347574510879979
MEDECINS_743,Medecins 743,48.88045724870602,2.3378698006290524
MEDECINS_744,Medecins 744,48.82265259121207,2.424022137875078
MEDECINS_745,Medecins 745,48.8423666145145,2.415814004223182
MEDECINS_746,Medecins 746,48.87895584146346,2.276072808245106
MEDECINS_747,Medecins 747,48.85127213508028,2.3539359608816492
MEDECINS_748,Medecins 748,48.81730780585064,2.3875441127629347
MEDECINS_749,Medecins 749,48.84517899011111,2.3347157011383124
MEDECINS_750,Medecins 750,48.82714877683914,2.3348099507998525
MEDECINS_751,Medecins 751,48.8213645749508,2.3119506736992848
MEDECINS_752,Medecins 752,48.842553153508305,2.377009796242668
MEDECINS_753,Medecins 753,48.881067643018795,2.3078978642370833
MEDECINS_754,Medecins 754,48.84487061386815,2.3289462063521102
MEDECINS_755,Medecins 755,48.85322761917744,2.37119586879934
MEDECINS_756,Medecins 756,48.87317079825954,2.423628493988407
MEDECINS_757,Medecins 757,48.82857930176961,2.4237027404757123
MEDECINS_758,Medecins 758,48.8619220662839,2.354415494878039
MEDECINS_759,Medecins 759,48.86302608304381,2.318597279207506
MEDECINS_760,Medecins 760,48.82332269421252,2.3585996991321583
MEDECINS_761,Medecins 761,48.89572067380422,2.2808369182117003
MEDECINS_762,Medecins 762,48.819173786592096,2.3450286218205774
MEDECINS_763,Medecins 763,48.877595768112286,2.3052350737394796
MEDECINS_764,Medecins 764,48.86610164989786,2.3960545581677244
MEDECINS_765,Medecins 765,48.872861223688076,2.4016885459297543
MEDECINS_766,Medecins 766,48.840738011839534,2.3859905228288496
MEDECINS_767,Medecins 767,48.875132878511046,2.275666963184983
MEDECINS_768,Medecins 768,48.857670502469794,2.4004064695684257
MEDECINS_769,Medecins 769,48.870011874504954,2.291521787759096
MEDECINS_770,Medecins 770,48.8545695586651,2.412683535208614
MEDECINS_771,Medecins 771,48.869452345113736,2.278058566563672
MEDECINS_772,Medecins 772,48.82814286066068,2.375528652664341
MEDECINS_773,Medecins 773,48.850066798683955,2.37075106191606
MEDECINS_774,Medecins 774,48.88902393986867,2.401971278845155
MEDECINS_775,Medecins 775,48.89547056402814,2.3698903183240514
MEDECINS_776,Medecins 776,48.87048504594545,2.415655513962541
MEDECINS_777,Medecins 777,48.842921990755755,2.3190173364875566
MEDECINS_778,Medecins 778,48.88281018940691,2.3214204143184145
MEDECINS_779,Medecins 779,48.820965613179766,2.297417314881858
MEDECINS_780,Medecins 780,48.82607239094662,2.318201005358132
MEDECINS_781,Medecins 781,48.892255999875054,2.3479335290646888
MEDECINS_782,Medecins 782,48.86786502878808,2.346704912109325
MEDECINS_783,Medecins 783,48.84374155443176,2.305121595405554
MEDECINS_784,Medecins 784,48.85797931146982,2.2831913694461843
MEDECINS_785,Medecins 785,48.83622323235648,2.341842495463798
MEDECINS_786,Medecins 786,48.88609179782487,2.365589836823776
MEDECINS_787,Medecins 787,48.86289173946989,2.283374457435455
MEDECINS_788,Medecins 788,48.855644869974284,2.2928882497287173
MEDECINS_789,Medecins 789,48.824288481783746,2.276488746589724
MEDECINS_790,Medecins 790,48.87205490053825,2.2910926502105835
MEDECINS_791,Medecins 791,48.88575915260354,2.3902210945162143
MEDECINS_792,Medecins 792,48.856954435163814,2.3811168221967334
MEDECINS_793,Medecins 793,48.881703084083604,2.3671488688696933
MEDECINS_794,Medecins 794,48.82458719308359,2.3478845812582354
MEDECINS_795,Medecins 795,48.864287243811084,2.3500395591264964
MEDECINS_796,Medecins 796,48.82780473944818,2.3337746003377755
MEDECINS_797,Medecins 797,48.87962805972049,2.3662584857660844
MEDECINS_798,Medecins 798,48.82098903878146,2.346568538585003
MEDECINS_799,Medecins 799,48.824223388936986,2.3365735522248614
MEDECINS_800,Medecins 800,48.88403510477762,2.2788760307537808
MEDECINS_801,Medecins 801,48.89591677946336,2.4221453855140185
MEDECINS_802,Medecins 802,48.88936549609803,2.3221834523116907
MEDECINS_803,Medecins 803,48.89576110591689,2.322411867904135
MEDECINS_804,Medecins 804,48.83878890301139,2.3978582665202257
MEDECINS_805,Medecins 805,48.88486557643502,2.427289108707624
MEDECINS_806,Medecins 806,48.846481620695776,2.2973373545395614
MEDECINS_807,Medecins 807,48.86894506105658,2.305766959710173
MEDECINS_808,Medecins 808,48.862630269144574,2.3265632808426138
MEDECINS_809,Medecins 809,48.88567214218658,2.4038110897728235
MEDECINS_810,Medecins 810,48.843990099065465,2.3781329700706038
MEDECINS_811,Medecins 811,48.859201257938416,2.305097216965903
MEDECINS_812,Medecins 812,48.84515030898499,2.2732437760872375
MEDECINS_813,Medecins 813,48.845844934606525,2.3990049011785595
MEDECINS_814,Medecins 814,48.85225422884935,2.341199218430149
MEDECINS_815,Medecins 815,48.8632323152932,2.370076012432375
MEDECINS_816,Medecins 816,48.83741767961557,2.3632938988887195
MEDECINS_817,Medecins 817,48.862649601233215,2.3514274568625564
MEDECINS_818,Medecins 818,48.88708036008522,2.3748513469664396
MEDECINS_819,Medecins 819,48.87184251158623,2.3890014692419874
MEDECINS_820,Medecins 820,48.82453643687377,2.3549826005600054
MEDECINS_821,Medecins 821,48.874909894089555,2.371597058883422
MEDECINS_822,Medecins 822,48.88434873773795,2.3639750044553978
MEDECINS_823,Medecins 823,48.85068755215049,2.4030990461004413
MEDECINS_824,Medecins 824,48.88847121417956,2.3069887087369487
MEDECINS_825,Medecins 825,48.875289216003154,2.4096755477375575
MEDECINS_826,Medecins 826,48.85362261457835,2.3986446332418208
MEDECINS_827,Medecins 827,48.821617148255925,2.394992827906943
MEDECINS_828,Medecins 828,48.889585076915175,2.3053077818472554
MEDECINS_829,Medecins 829,48.82666907417731,2.4140328796214683
MEDECINS_830,Medecins 830,48.829807453092,2.3318454101518067
MEDECINS_831,Medecins 831,48.85710488347922,2.292884466324479
MEDECINS_832,Medecins 832,48.88354816376191,2.400366848792385
MEDECINS_833,Medecins 833,48.8675562604385,2.3220284317043904
MEDECINS_834,Medecins 834,48.833044695260945,2.30616860036422
MEDECINS_835,Medecins 835,48.820009374353816,2.4269328099451815
MEDECINS_836,Medecins 836,48.88855592566773,2.303061338092853
MEDECINS_837,Medecins 837,48.836056717732426,2.398798387749552
MEDECINS_838,Medecins 838,48.89610722400666,2.3645655883298176
MEDECINS_839,Medecins 839,48.89590754249336,2.3971372275212497
MEDECINS_840,Medecins 840,48.88009436760877,2.4126282461566833
MEDECINS_841,Medecins 841,48.8813211045399,2.2809003245416886
MEDECINS_842,Medecins 842,48.824785844754146,2.399796039504593
MEDECINS_843,Medecins 843,48.89424758760842,2.2814027549593954
MEDECINS_844,Medecins 844,48.87914844695381,2.4287085606535608
MEDECINS_845,Medecins 845,48.86273261482647,2.416819709273882
MEDECINS_846,Medecins 846,48.88742402109624,2.3008919243413923
MEDECINS_847,Medecins 847,48.846621901250344,2.3094667026085047
MEDECINS_848,Medecins 848,48.88466621827185,2.3548228560181603
MEDECINS_849,Medecins 849,48.822913077631746,2.405542122813621
MEDECINS_850,Medecins 850,48.83573645245819,2.2963933228954625
MEDECINS_851,Medecins 851,48.825220277229874,2.401732807291583
MEDECINS_852,Medecins 852,48.842055203528524,2.3231366035417857
MEDECINS_853,Medecins 853,48.816880742332756,2.3246456795896457
MEDECINS_854,Medecins 854,48.8821341056009,2.312114381862401
MEDECINS_855,Medecins 855,48.88492334400857,2.377299151223593
MEDECINS_856,Medecins 856,48.89514372509417,2.4281770291336686
MEDECINS_857,Medecins 857,48.82171737308204,2.2881281558846083
MEDECINS_858,Medecins 858,48.87466504336698,2.4246989743483627
MEDECINS_859,Medecins 859,48.874437741508146,2.404988492080403
MEDECINS_860,Medecins 860,48.82366507379504,2.2803469976662
MEDECINS_861,Medecins 861,48.860865716569926,2.305740304166353
MEDECINS_862,Medecins 862,48.87554535879657,2.3932042848369752
MEDECINS_863,Medecins 863,48.834209922959225,2.356646362706287
MEDECINS_864,Medecins 864,48.81806585672459,2.3016887799307173
MEDECINS_865,Medecins 865,48.89361355897125,2.4135729466956843
MEDECINS_866,Medecins 866,48.85414131612553,2.3808132202722465
MEDECINS_867,Medecins 867,48.87476129991116,2.3079293391682087
MEDECINS_868,Medecins 868,48.884148661672135,2.377555263631759
MEDECINS_869,Medecins 869,48.870086905151034,2.3832064406854014
MEDECINS_870,Medecins 870,48.85003814405203,2.3507582247262913
MEDECINS_871,Medecins 871,48.83728656248123,2.4056783185723374
MEDECINS_872,Medecins 872,48.88807584155972,2.4196384876574557
MEDECINS_873,Medecins 873,48.826364248973086,2.4087946251361267
MEDECINS_874,Medecins 874,48.89244605925982,2.417197109984231
MEDECINS_875,Medecins 875,48.82447850497778,2.303844440489043
MEDECINS_876,Medecins 876,48.836670991241846,2.3574588953658004
MEDECINS_877,Medecins 877,48.87448392970207,2.3154045129928638
MEDECINS_878,Medecins 878,48.89603124603012,2.3298713312760384
MEDECINS_879,Medecins 879,48.82857183278482,2.328298716598167
MEDECINS_880,Medecins 880,48.852050331458706,2.3488254249286076
MEDECINS_881,Medecins 881,48.8401097619264,2.3799021799160838
MEDECINS_882,Medecins 882,48.85930841585282,2.4281763725044607
MEDECINS_883,Medecins 883,48.84578037568812,2.2845419064523633
MEDECINS_884,Medecins 884,48.88560506986118,2.3560323791130187
MEDECINS_885,Medecins 885,48.85960112390244,2.311750529375547
MEDECINS_886,Medecins 886,48.89058327239456,2.3107784623868106
MEDECINS_887,Medecins 887,48.87837436830041,2.3643618976921292
MEDECINS_888,Medecins 888,48.836295471675754,2.4251130877497364
MEDECINS_889,Medecins 889,48.81993407058603,2.335936554306203
MEDECINS_890,Medecins 890,48.82588551220697,2.304355001946634
MEDECINS_891,Medecins 891,48.83707406128764,2.4248306967438826
MEDECINS_892,Medecins 892,48.86274385925459,2.3106964378156984
MEDECINS_893,Medecins 893,48.82951713592177,2.313153334632675
MEDECINS_894,Medecins 894,48.87791551791078,2.4220682500615625
MEDECINS_895,Medecins 895,48.85146067663235,2.384884850927895
MEDECINS_896,Medecins 896,48.84758656005425,2.3830720998554233
MEDECINS_897,Medecins 897,48.87326929803557,2.3695628468229635
MEDECINS_898,Medecins 898,48.85952662690602,2.427772177940261
MEDECINS_899,Medecins 899,48.88576637766159,2.3623693697011663
MEDECINS_900,Medecins 900,48.890643029401566,2.38517867995273
MEDECINS_901,Medecins 901,48.879746908025915,2.360670524945312
MEDECINS_902,Medecins 902,48.87817305263109,2.3306299242352635
MEDECINS_903,Medecins 903,48.87594271571338,2.4111109321037905
MEDECINS_904,Medecins 904,48.836487418601834,2.3310633369473304
MEDECINS_905,Medecins 905,48.8497897240592,2.387180432551956
MEDECINS_906,Medecins 906,48.87785920753637,2.3362068689401463
MEDECINS_907,Medecins 907,48.817891245175616,2.424054115495608
MEDECINS_908,Medecins 908,48.8646579358813,2.3610809749506005
MEDECINS_909,Medecins 909,48.862395926039305,2.428334347821514
MEDECINS_910,Medecins 910,48.86234866560589,2.4315884681883615
MEDECINS_911,Medecins 911,48.83289019105131,2.3619427082099076
MEDECINS_912,Medecins 912,48.82918358939915,2.293458117182534
MEDECINS_913,Medecins 913,48.828602613910874,2.2945907493886817
MEDECINS_914,Medecins 914,48.82711855485231,2.3199482924348573
MEDECINS_915,Medecins 915,48.824252676667186,2.286139863397289
MEDECINS_916,Medecins 916,48.86213241368645,2.3579908872001587
MEDECINS_917,Medecins 917,48.868709071844314,2.402813784735294
MEDECINS_918,Medecins 918,48.85649164990556,2.4299676900228855
MEDECINS_919,Medecins 919,48.85217270738873,2.309478203629744
MEDECINS_920,Medecins 920,48.85992484510056,2.429400364616629
MEDECINS_921,Medecins 921,48.834060255679994,2.3969974424912253
MEDECINS_922,Medecins 922,48.88475478064805,2.34575675817708
MEDECINS_923,Medecins 923,48.875259668904114,2.2742314156931718
MEDECINS_924,Medecins 924,48.81884804789049,2.3933465306725985
MEDECINS_925,Medecins 925,48.85660637801692,2.2821363796776764
MEDECINS_926,Medecins 926,48.8278608335168,2.2989355730049534
MEDECINS_927,Medecins 927,48.86167722015773,2.3614173370858498
MEDECINS_928,Medecins 928,48.851056853795775,2.3022806712168578
MEDECINS_929,Medecins 929,48.88311393210769,2.3154211662752933
MEDECINS_930,Medecins 930,48.82691832031779,2.345138718194639
MEDECINS_931,Medecins 931,48.85446287969121,2.34665426111377
MEDECINS_932,Medecins 932,48.86031845658727,2.2885975390107647
MEDECINS_933,Medecins 933,48.892781847332294,2.4147236215373664
MEDECINS_934,Medecins 934,48.866498146580504,2.375485226635034
MEDECINS_935,Medecins 935,48.839820681824264,2.4080089288862534
MEDECINS_936,Medecins 936,48.856213907871734,2.4123692473535354
MEDECINS_937,Medecins 937,48.85920547184909,2.4296422500975234
MEDECINS_938,Medecins 938,48.88790634622581,2.2912966808313255
MEDECINS_939,Medecins 939,48.85514243442549,2.3181083765833486
MEDECINS_940,Medecins 940,48.845296245075616,2.2815029999572745
MEDECINS_941,Medecins 941,48.86053259144383,2.3580034697314667
MEDECINS_942,Medecins 942,48.83883633269125,2.3755946618523947
MEDECINS_943,Medecins 943,48.8531324531538,2.409433013457892
MEDECINS_944,Medecins 944,48.87466234501963,2.4240553071653164
MEDECINS_945,Medecins 945,48.83543033940887,2.288776947559768
MEDECINS_946,Medecins 946,48.838958072907666,2.3913714972954856
MEDECINS_947,Medecins 947,48.85721039340857,2.409983946562717
MEDECINS_948,Medecins 948,48.81981317166737,2.414103101016499
MEDECINS_949,Medecins 949,48.880415105811515,2.3508523809647133
MEDECINS_950,Medecins 950,48.86119488718955,2.3752768741046317
MEDECINS_951,Medecins 951,48.85820806435853,2.388821915029131
MEDECINS_952,Medecins 952,48.85267515719919,2.2947682016818463
MEDECINS_953,Medecins 953,48.820684840063535,2.3132399482980017
MEDECINS_954,Medecins 954,48.85592487441755,2.274271870334852
MEDECINS_955,Medecins 955,48.852709566671365,2.312281253875911
MEDECINS_956,Medecins 956,48.86109491365974,2.347452561934774
MEDECINS_957,Medecins 957,48.8890761610429,2.303906759776594
MEDECINS_958,Medecins 958,48.841675900885,2.3079816399707913
MEDECINS_959,Medecins 959,48.850278542966635,2.381752418111082
MEDECINS_960,Medecins 960,48.82128963143939,2.288547922315282
MEDECINS_961,Medecins 961,48.86298997453576,2.4065802662049016
MEDECINS_962,Medecins 962,48.868743604767545,2.3753425005586095
MEDECINS_963,Medecins 963,48.83549296793414,2.3503707799636837
MEDECINS_964,Medecins 964,48.87196798214858,2.288384293150939
MEDECINS_965,Medecins 965,48.85271967836527,2.4118933664404754
MEDECINS_966,Medecins 966,48.82210500517456,2.276957019295758
MEDECINS_967,Medecins 967,48.838253830474734,2.4112891470912485
MEDECINS_968,Medecins 968,48.86648083931748,2.4036886315340418
MEDECINS_969,Medecins 969,48.871377508888685,2.297968384946002
MEDECINS_970,Medecins 970,48.8669058861669,2.347873992372945
MEDECINS_971,Medecins 971,48.891795197372005,2.3948720863522235
MEDECINS_972,Medecins 972,48.87845838002545,2.3395066837854324
MEDECINS_973,Medecins 973,48.88164492876859,2.3321805810882994
MEDECINS_974,Medecins 974,48.845650407954146,2.4005725197901784
MEDECINS_975,Medecins 975,48.81824412156248,2.351669413052594
MEDECINS_976,Medecins 976,48.882725173906636,2.3116716509502804
MEDECINS_977,Medecins 977,48.87107276799706,2.326834268048545
MEDECINS_978,Medecins 978,48.87487460737748,2.3180077103096974
MEDECINS_979,Medecins 979,48.87559983326065,2.4203750211629917
MEDECINS_980,Medecins 980,48.82574011533908,2.2956693108897617
MEDECINS_981,Medecins 981,48.83916219727712,2.3678741238942416
MEDECINS_982,Medecins 982,48.89395233111891,2.34440793088151
MEDECINS_983,Medecins 983,48.86813953163269,2.3826235924705177
MEDECINS_984,Medecins 984,48.856434740364996,2.4196234976662763
MEDECINS_985,Medecins 985,48.83995084520688,2.414698921700826
MEDECINS_986,Medecins 986,48.841269256530545,2.3564025192239777
MEDECINS_987,Medecins 987,48.86225736680515,2.4155992797676897
MEDECINS_988,Medecins 988,48.87376032791548,2.364072253182806
MEDECINS_989,Medecins 989,48.854149474621344,2.3156374653187513
MEDECINS_990,Medecins 990,48.88050214148248,2.2982156709849515
MEDECINS_991,Medecins 991,48.86884534137196,2.3730244004994177
MEDECINS_992,Medecins 992,48.87763772317804,2.4175532653238236
MEDECINS_993,Medecins 993,48.87332858706836,2.370702153258419
MEDECINS_994,Medecins 994,48.87047960523303,2.296777318323058
MEDECINS_995,Medecins 995,48.84028012725537,2.39910804818886
MEDECINS_996,Medecins 996,48.84268169379337,2.3534716622431207
MEDECINS_997,Medecins 997,48.82826986340905,2.2946494532599906
MEDECINS_998,Medecins 998,48.88819440301421,2.405867605023113
MEDECINS_999,Medecins 999,48.87441656036648,2.3866219406430695
